title,url,price_raw,info_raw,source,crawl_date
"2007 - Lexus GX 470 - Xe đẹp chính chủ đi giữ gìn, nhập Nhật",https://oto.com.vn/mua-ban-xe-lexus-gx-470-ha-noi/xe-dep-chinh-chu-di-giu-gin-nhap-nhat-aidxc23399896,650 triệu,"2007 - Lexus GX 470 - Xe đẹp chính chủ đi giữ gìn, nhập Nhật | 160.000 km | Máy xăng | Số tự động | Xe cũ | 650 triệu | Tâm Đức Auto | Hà Nội | 0973710256 | Gọi ngay",otocomvn,2026-01-09
2020 - Mercedes-Benz E300 AMG - Mercedes E300 AMG 2020 lướt nhẹ cực đẹp,https://oto.com.vn/mua-ban-xe-mercedes-benz-e300-hcm/mercedes-amg-2020-luot-nhe-cuc-dep-aidxc23399431,1 tỉ 439 triệu,2020 - Mercedes-Benz E300 AMG - Mercedes E300 AMG 2020 lướt nhẹ cực đẹp | 38.000 km | Máy xăng | Số tự động | Xe cũ | 1 tỉ 439 triệu | Good Car | Tp.HCM | 0923456234 | Gọi ngay,otocomvn,2026-01-09
"2011 - Hyundai Accent 1.4 AT Tiêu chuẩn - Xe gia đình sử dụng kỹ, chất lượng còn tốt",https://oto.com.vn/mua-ban-xe-hyundai-accent-binh-duong/xe-gia-dinh-su-dung-ky-chat-luong-con-tot-aidxc23399863,235 triệu,"2011 - Hyundai Accent 1.4 AT Tiêu chuẩn - Xe gia đình sử dụng kỹ, chất lượng còn tốt | 116.000 km | Máy xăng | Số tự động | Xe cũ | 235 triệu | An Như | Bình Dương | 0372290990 | Gọi ngay",otocomvn,2026-01-09
"2015 - Toyota Innova 2.0E - , xe tư nhân, hồ sơ cầm tay. Xe đẹp không lỗi, máy số keo chỉ zin. Nội ngoại thất đẹp",https://oto.com.vn/mua-ban-xe-toyota-innova-hung-yen/xe-tu-nhan-ho-so-cam-tay-xe-dep-khong-loi-may-so-keo-chi-zin-noi-ngoai-that-dep-aidxc23398813,262 triệu,"2015 - Toyota Innova 2.0E - , xe tư nhân, hồ sơ cầm tay. Xe đẹp không lỗi, máy số keo chỉ zin. Nội ngoại thất đẹp | 130.000 km | Máy xăng | Số tự động | Xe cũ | 262 triệu | Auto Luyến Hằng | Hưng Yên | 0911331482 | Gọi ngay",otocomvn,2026-01-09
"2018 - Hyundai Grand i10 Hatchback 1.2 AT - Xe chất, không lỗi nhỏ, máy số keo chỉ thân vỏ zin. Đã có màn hình,",https://oto.com.vn/mua-ban-xe-hyundai-grand-i10-hung-yen/xe-chat-khong-loi-nho-may-so-keo-chi-than-vo-zin-da-co-man-hinh-aidxc23398666,280 triệu,"2018 - Hyundai Grand i10 Hatchback 1.2 AT - Xe chất, không lỗi nhỏ, máy số keo chỉ thân vỏ zin. Đã có màn hình, | 130.000 km | Máy xăng | Số tự động | Xe cũ | 280 triệu | Auto Luyến Hằng | Hưng Yên | 0911331482 | Gọi ngay",otocomvn,2026-01-09
2021 - Suzuki Super Carry Pro Pro - Xe đẹp giá tốt,https://oto.com.vn/mua-ban-xe-suzuki-super-carry-pro-ha-noi/xe-dep-gia-tot-aidxc23397772,210 triệu,2021 - Suzuki Super Carry Pro Pro - Xe đẹp giá tốt | 55.000 km | Máy xăng | Số sàn | Xe cũ | 210 triệu | Ô tô Hoàng Thái | Hà Nội | 0979787618 | Gọi ngay,otocomvn,2026-01-09
2017 - Mercedes-Benz GLC 300 4Matic - Glc 300,https://oto.com.vn/mua-ban-xe-mercedes-benz-glc-300-ha-noi/-aidxc23399953,899 triệu,2017 - Mercedes-Benz GLC 300 4Matic - Glc 300 | 12.000 km | Máy xăng | Số tự động | Xe cũ | 899 triệu | pham xuan giang | Hà Nội | 0922988999 | Gọi ngay,otocomvn,2026-01-09
2023 - Hyundai Creta - Hyundai Creta 2023,https://oto.com.vn/mua-ban-xe-hyundai-creta-ha-noi/2023-aidxc23399246,588 triệu,2023 - Hyundai Creta - Hyundai Creta 2023 | 13.000 km | Máy xăng | Số tự động | Xe cũ | 588 triệu | HappyNectarine9051 | Hà Nội | 0763791879 | Gọi ngay,otocomvn,2026-01-09
2007 - Hummer H2 - Đk mới 2010 zin 1oo%,https://oto.com.vn/mua-ban-xe-hummer-h2-hcm/dk-moi-2010-zin-1oo-aidxc23396134,2 tỉ 950 triệu,2007 - Hummer H2 - Đk mới 2010 zin 1oo% | 65.000 km | Máy xăng | Số tự động | Xe cũ | 2 tỉ 950 triệu | Nguyễn Lâm | Tp.HCM | 0902052795 | Gọi ngay,otocomvn,2026-01-09
"2022 - Hyundai Grand i10 Hatchback 1.2 MT Base - Hatback chất lượng, khung vỏ cứng cáp, xe Zin 100%",https://oto.com.vn/mua-ban-xe-hyundai-grand-i10-phu-tho/hatback-chat-luong-khung-vo-cung-cap-xe-zin-100-aidxc23387341,265 triệu,"2022 - Hyundai Grand i10 Hatchback 1.2 MT Base - Hatback chất lượng, khung vỏ cứng cáp, xe Zin 100% | 60.000 km | Máy xăng | Số sàn | Xe cũ | 265 triệu | Salon ô tô Ánh Lý | Phú Thọ | 0965196999 | Gọi ngay",otocomvn,2026-01-09
2009 - Hyundai Santa Fe MLX - 7 chỗ Máy Dầu nhập khẩu nguyên chiếc,https://oto.com.vn/mua-ban-xe-hyundai-santa-fe-phu-tho/7-cho-may-dau-nhap-khau-nguyen-chiec-aidxc23342543,365 triệu,2009 - Hyundai Santa Fe MLX - 7 chỗ Máy Dầu nhập khẩu nguyên chiếc | 200.000 km | Máy dầu | Số tự động | Xe cũ | 365 triệu | Salon ô tô Ánh Lý | Phú Thọ | 0965196999 | Gọi ngay,otocomvn,2026-01-09
"2017 - Ford Ranger Wildtrak 3.2 4x4 AT - Bán tải chất lượng cao, kiểu dáng thể thao",https://oto.com.vn/mua-ban-xe-ford-ranger-phu-tho/ban-tai-chat-luong-cao-kieu-dang-the-thao-aidxc23334783,535 triệu,"2017 - Ford Ranger Wildtrak 3.2 4x4 AT - Bán tải chất lượng cao, kiểu dáng thể thao | 100.000 km | Máy dầu | Số tự động | Xe cũ | 535 triệu | Salon ô tô Ánh Lý | Phú Thọ | 0965196999 | Gọi ngay",otocomvn,2026-01-09
"2012 - Hyundai Avante 1.6 MT - Sedan 5 chỗ giá rẻ, máy số ngon, thân vỏ chắc chắn",https://oto.com.vn/mua-ban-xe-hyundai-avante-phu-tho/sedan-5-cho-gia-re-may-so-ngon-than-vo-chac-chan-aidxc23017693,200 triệu,"2012 - Hyundai Avante 1.6 MT - Sedan 5 chỗ giá rẻ, máy số ngon, thân vỏ chắc chắn | 130.000 km | Máy xăng | Số sàn | Xe cũ | 200 triệu | Salon ô tô Ánh Lý | Phú Thọ | 0965196999 | Gọi ngay",otocomvn,2026-01-09
"2010 - Honda CR-V 2.4L TG - Chất xe lành bền, ít hỏng vặt, thân vỏ chắc nịch",https://oto.com.vn/mua-ban-xe-honda-cr-v-phu-tho/chat-xe-lanh-ben-it-hong-vat-than-vo-chac-nich-aidxc22842557,290 triệu,"2010 - Honda CR-V 2.4L TG - Chất xe lành bền, ít hỏng vặt, thân vỏ chắc nịch | 130.000 km | Máy xăng | Số tự động | Xe cũ | 290 triệu | Salon ô tô Ánh Lý | Phú Thọ | 0965196999 | Gọi ngay",otocomvn,2026-01-09
"2009 - Chevrolet Vivant 2.0 - 1 chủ từ đầu, chất xe lành bền, máy số ngon, thân vỏ chắc chắn",https://oto.com.vn/mua-ban-xe-chevrolet-vivant-phu-tho/1-chu-tu-dau-chat-xe-lanh-ben-may-so-ngon-than-vo-chac-chan-aidxc22796733,85 triệu,"2009 - Chevrolet Vivant 2.0 - 1 chủ từ đầu, chất xe lành bền, máy số ngon, thân vỏ chắc chắn | 150.000 km | Máy xăng | Số sàn | Xe cũ | 85 triệu | Salon ô tô Ánh Lý | Phú Thọ | 0965196999 | Gọi ngay",otocomvn,2026-01-09
"2005 - Ford Laser - Chất xe lành bền, ít hỏng vặt, thân vỏ chắc nịch",https://oto.com.vn/mua-ban-xe-ford-laser-phu-tho/chat-xe-lanh-ben-it-hong-vat-than-vo-chac-nich-aidxc22765272,85 triệu,"2005 - Ford Laser - Chất xe lành bền, ít hỏng vặt, thân vỏ chắc nịch | 210.000 km | Máy xăng | Số sàn | Xe cũ | 85 triệu | Salon ô tô Ánh Lý | Phú Thọ | 0965196999 | Gọi ngay",otocomvn,2026-01-09
"2002 - Toyota Corolla Altis 1.8E MT - Máy số ngon, xe đi lành bền, trang bị nội thất đầy đủ màn android",https://oto.com.vn/mua-ban-xe-toyota-corolla-altis-phu-tho/may-so-ngon-xe-di-lanh-ben-trang-bi-noi-that-day-du-man-android-aid1xc22751923,125 triệu,"2002 - Toyota Corolla Altis 1.8E MT - Máy số ngon, xe đi lành bền, trang bị nội thất đầy đủ màn android | 105.000 km | Máy xăng | Số sàn | Xe cũ | 125 triệu | Salon ô tô Ánh Lý | Phú Thọ | 0965196999 | Gọi ngay",otocomvn,2026-01-09
"2004 - Toyota Corolla Altis 1.8G MT - Máy số ngon, động cơ lành bền ít hỏng vặt",https://oto.com.vn/mua-ban-xe-toyota-corolla-altis-phu-tho/may-so-ngon-dong-co-lanh-ben-it-hong-vat-aid1xc22746470,135 triệu,"2004 - Toyota Corolla Altis 1.8G MT - Máy số ngon, động cơ lành bền ít hỏng vặt | 230.000 km | Máy xăng | Số sàn | Xe cũ | 135 triệu | Salon ô tô Ánh Lý | Phú Thọ | 0965196999 | Gọi ngay",otocomvn,2026-01-09
"2022 - Kia Soluto MT Deluxe - Màu trắng đi 3,3 vạn km",https://oto.com.vn/mua-ban-xe-kia-soluto-ha-noi/mau-trang-di-33-van-km-aidxc23398525,285 triệu,"2022 - Kia Soluto MT Deluxe - Màu trắng đi 3,3 vạn km | 33.000 km | Máy xăng | Số sàn | Xe cũ | 285 triệu | Long | Hà Nội | 0839808777 | Gọi ngay",otocomvn,2026-01-09
2023 - MG 5 STD - Jupiter Thanh lý,https://oto.com.vn/mua-ban-xe-mg-5-ha-noi/jupiter-thanh-ly-aidxc23396969,210 triệu,2023 - MG 5 STD - Jupiter Thanh lý | 90.000 km | Máy xăng | Số sàn | Xe cũ | 210 triệu | CT MBN JUPITER | Hà Nội | 0936350692 | Gọi ngay,otocomvn,2026-01-09
2025 - Volkswagen Viloran Luxury - Volkswagen Viloran Luxury siêu lướt 7.399km cực đẹp,https://oto.com.vn/mua-ban-xe-volkswagen-viloran-hcm/luxury-sieu-luot-7399km-cuc-dep-aidxc23397425,2 tỉ 239 triệu,2025 - Volkswagen Viloran Luxury - Volkswagen Viloran Luxury siêu lướt 7.399km cực đẹp | 7.399 km | Máy xăng | Số tự động | Xe cũ | 2 tỉ 239 triệu | Good Car | Tp.HCM | 0923456234 | Gọi ngay,otocomvn,2026-01-09
2018 - Toyota Innova 2.0E - TOYOTA INNOVA E 2018 (MT) | XE GIA ĐÌNH - 8 CHỖ – GẦM CAO - BỀN BỈ – RỘNG RÃI,https://oto.com.vn/mua-ban-xe-toyota-innova-da-nang/e-2018-mt-xe-gia-dinh-8-cho-gam-cao-ben-bi-rong-rai-aidxc23399253,420 triệu,2018 - Toyota Innova 2.0E - TOYOTA INNOVA E 2018 (MT) | XE GIA ĐÌNH - 8 CHỖ – GẦM CAO - BỀN BỈ – RỘNG RÃI | 135.000 km | Máy xăng | Số sàn | Xe cũ | 420 triệu | Nguyễn Đức Hiền | Đà Nẵng | 0909199369 | Gọi ngay,otocomvn,2026-01-09
2002 - Toyota Hiace - Gia đình bán,https://oto.com.vn/mua-ban-xe-toyota-hiace-ha-noi/gia-dinh-ban-aidxc23400007,58 triệu,2002 - Toyota Hiace - Gia đình bán | 130.000 km | Máy xăng | Số sàn | Xe cũ | 58 triệu | Hạnh Chi | Hà Nội | 0973970599 | Gọi ngay,otocomvn,2026-01-09
2019 - Toyota Land Cruiser - Có thương lượng,https://oto.com.vn/mua-ban-xe-toyota-land-cruiser-ha-noi/co-thuong-luong-aidxc23400070,3 tỉ 888 triệu,2019 - Toyota Land Cruiser - Có thương lượng | 83.000 km | Máy xăng | Số tự động | Xe cũ | 3 tỉ 888 triệu | Hà Thành Car | Hà Nội | 0969185266 | Gọi ngay,otocomvn,2026-01-09
2024 - VinFast VF5 Plus - Giá cả thương lượng,https://oto.com.vn/mua-ban-xe-vinfast-vf5-binh-duong/gia-ca-thuong-luong-aidxc23395071,445 triệu,2024 - VinFast VF5 Plus - Giá cả thương lượng | 25.000 km | Điện | Số tự động | Xe cũ | 445 triệu | Mr. Hiếu | Bình Dương | 0388484944 | Gọi ngay,otocomvn,2026-01-09
2020 - Toyota Land Cruiser VX 4.6 V8 - Sơn zin 100% giá 4390 triệu,https://oto.com.vn/mua-ban-xe-toyota-land-cruiser-ha-noi/son-zin-100-gia-4390-trieu-aidxc23394236,4 tỉ 390 triệu,2020 - Toyota Land Cruiser VX 4.6 V8 - Sơn zin 100% giá 4390 triệu | 55.000 km | Máy xăng | Số tự động | Xe cũ | 4 tỉ 390 triệu | Hà Thành Car | Hà Nội | 0969185266 | Gọi ngay,otocomvn,2026-01-09
2017 - Hyundai Santa Fe 2.2L Dầu Tiêu chuẩn - Xe đẹp chốt nhanh,https://oto.com.vn/mua-ban-xe-hyundai-santa-fe-ha-noi/xe-dep-chot-nhanh-aidxc23398742,615 triệu,2017 - Hyundai Santa Fe 2.2L Dầu Tiêu chuẩn - Xe đẹp chốt nhanh | 120.000 km | Máy dầu | Số tự động | Xe cũ | 615 triệu | Hà Thành Car | Hà Nội | 0969185266 | Gọi ngay,otocomvn,2026-01-09
"2022 - Honda Civic 1.5 Turbo RS - FORM THỂ THAO, LÁI SƯỚNG",https://oto.com.vn/mua-ban-xe-honda-civic-hcm/form-the-thao-lai-suong-aidxc23399213,764 triệu,"2022 - Honda Civic 1.5 Turbo RS - FORM THỂ THAO, LÁI SƯỚNG | 25.300 km | Máy xăng | Số tự động | Xe cũ | 764 triệu | Carpla Tân Phú | Tp.HCM | 0777776542 | Gọi ngay",otocomvn,2026-01-09
2020 - Toyota Innova 2.0E - Xe gia đình,https://oto.com.vn/mua-ban-xe-toyota-innova-binh-duong/xe-gia-dinh-aidxc23395072,545 triệu,2020 - Toyota Innova 2.0E - Xe gia đình | 69.000 km | Máy xăng | Số sàn | Xe cũ | 545 triệu | Mr. Hiếu | Bình Dương | 0388484944 | Gọi ngay,otocomvn,2026-01-09
"2016 - Lexus LX 570 - Nhập Mỹ cực hiếm, đời này mới không đối thủ, mới như 2020, fulloption, nhà toàn trùm mền",https://oto.com.vn/mua-ban-xe-lexus-lx-570-hcm/nhap-my-cuc-hiem-doi-nay-moi-khong-doi-thu-moi-nhu-2020-fulloption-nha-toan-trum-men-aidxc23352444,4 tỉ 420 triệu,"2016 - Lexus LX 570 - Nhập Mỹ cực hiếm, đời này mới không đối thủ, mới như 2020, fulloption, nhà toàn trùm mền | 67.000 km | Máy xăng | Số tự động | Xe cũ | 4 tỉ 420 triệu | Mỹ Linh | Tp.HCM | 0905333335 | Gọi ngay",otocomvn,2026-01-09
"2016 - Lexus LX 570 - Nhập Mỹ cực hiếm, đời này mới không đối thủ, mới như 2020, fulloption, nhà toàn trùm mền",https://oto.com.vn/mua-ban-xe-lexus-lx-570-hcm/nhap-my-cuc-hiem-doi-nay-moi-khong-doi-thu-moi-nhu-2020-fulloption-nha-toan-trum-men-aidxc23352444,4 tỉ 420 triệu,"2016 - Lexus LX 570 - Nhập Mỹ cực hiếm, đời này mới không đối thủ, mới như 2020, fulloption, nhà toàn trùm mền | 67.000 km | Máy xăng | Số tự động | Xe cũ | 4 tỉ 420 triệu | Mỹ Linh | Tp.HCM | 0905333335 | Gọi ngay",otocomvn,2026-01-09
"2019 - Ford Tourneo Titanium - Xe cực đẹp, chủ đi giữ gìn",https://oto.com.vn/mua-ban-xe-ford-tourneo-hai-duong/xe-cuc-dep-chu-di-giu-gin-aidxc23400049,648 triệu,"2019 - Ford Tourneo Titanium - Xe cực đẹp, chủ đi giữ gìn | 80.000 km | Máy xăng | Số tự động | Xe cũ | 648 triệu | Nhất Tín Ô Tô Hải... | Hải Dương | 0988131545 | Gọi ngay",otocomvn,2026-01-09
"2022 - Kia Carnival 2.2D Premium - Giá tốt nhất thị trường, hỗ trợ giao xe toàn quốc",https://oto.com.vn/mua-ban-xe-kia-carnival-hcm/gia-tot-nhat-thi-truong-ho-tro-giao-xe-toan-quoc-aidxc23396936,1 tỉ 155 triệu,"2022 - Kia Carnival 2.2D Premium - Giá tốt nhất thị trường, hỗ trợ giao xe toàn quốc | 30.000 km | Máy dầu | Số tự động | Xe cũ | 1 tỉ 155 triệu | Auto 9X | Tp.HCM | 0902333322 | Gọi ngay",otocomvn,2026-01-09
"2016 - Hyundai Santa Fe 2.4L Xăng Cao cấp - Chiếc xe 7 chỗ phù hợp mọi gia đình, chủ giữ gìn",https://oto.com.vn/mua-ban-xe-hyundai-santa-fe-hai-duong/chiec-xe-7-cho-phu-hop-moi-gia-dinh-chu-giu-gin-aidxc23363869,555 triệu,"2016 - Hyundai Santa Fe 2.4L Xăng Cao cấp - Chiếc xe 7 chỗ phù hợp mọi gia đình, chủ giữ gìn | 102.000 km | Máy xăng | Số tự động | Xe cũ | 555 triệu | Nhất Tín Ô Tô Hải... | Hải Dương | 0988131545 | Gọi ngay",otocomvn,2026-01-09
2021 - Kia Sedona 2.2 DATH - Xe 7 chỗ tiết kiệm nhiên liệu,https://oto.com.vn/mua-ban-xe-kia-sedona-hcm/xe-7-cho-tiet-kiem-nhien-lieu-aidxc23398275,865 triệu,2021 - Kia Sedona 2.2 DATH - Xe 7 chỗ tiết kiệm nhiên liệu | 80.000 km | Máy dầu | Số tự động | Xe cũ | 865 triệu | Auto 9X | Tp.HCM | 0902333322 | Gọi ngay,otocomvn,2026-01-09
"2008 - Hyundai Grand Starex 2.4 AT - Bán Hyundai starextải van 5 chỗ, đời 2008, số tự động, máy dầu",https://oto.com.vn/mua-ban-xe-hyundai-grand-starex-ha-noi/ban-starextai-van-5-cho-doi-2008-so-tu-dong-may-dau-aidxc23395276,275 triệu,"2008 - Hyundai Grand Starex 2.4 AT - Bán Hyundai starextải van 5 chỗ, đời 2008, số tự động, máy dầu | 12.000 km | Máy dầu | Số tự động | Xe cũ | 275 triệu | Auto Nhật Bắc | Hà Nội | 0928888699 | Gọi ngay",otocomvn,2026-01-09
2023 - Toyota Land Cruiser Prado VX - Xe full lịch sử hãng- bao check,https://oto.com.vn/mua-ban-xe-toyota-land-cruiser-prado-ha-noi/xe-full-lich-su-hang-bao-check-aidxc23389949,2 tỉ 960 triệu,2023 - Toyota Land Cruiser Prado VX - Xe full lịch sử hãng- bao check | 36.000 km | Máy xăng | Số tự động | Xe cũ | 2 tỉ 960 triệu | Hà Thành Car | Hà Nội | 0969185266 | Gọi ngay,otocomvn,2026-01-09
2022 - Hyundai Elantra 1.6 AT Đặc biệt - Pháp lý cá nhân,https://oto.com.vn/mua-ban-xe-hyundai-elantra-binh-duong/phap-ly-ca-nhan-aidxc23399640,525 triệu,2022 - Hyundai Elantra 1.6 AT Đặc biệt - Pháp lý cá nhân | 23.000 km | Máy xăng | Số tự động | Xe cũ | 525 triệu | Mr. Hiếu | Bình Dương | 0388484944 | Gọi ngay,otocomvn,2026-01-09
"2010 - Toyota Corolla Altis 1.8 G - Xe đẹp tại Phú Thọ, thương lượng giá tốt",https://oto.com.vn/mua-ban-xe-toyota-corolla-altis-ha-noi/xe-dep-tai-phu-tho-thuong-luong-gia-tot-aidxc23385136,308 triệu,"2010 - Toyota Corolla Altis 1.8 G - Xe đẹp tại Phú Thọ, thương lượng giá tốt | 118.000 km | Máy xăng | Số tự động | Xe cũ | 308 triệu | Hạnh Chi | Hà Nội | 0973970599 | Gọi ngay",otocomvn,2026-01-09
2016 - Kia Rondo 1.7 DAT - Hỗ trợ trả góp lãi suất tốt,https://oto.com.vn/mua-ban-xe-kia-rondo-hai-duong/ho-tro-tra-gop-lai-suat-tot-aidxc23363918,399 triệu,2016 - Kia Rondo 1.7 DAT - Hỗ trợ trả góp lãi suất tốt | 110.000 km | Máy dầu | Số tự động | Xe cũ | 399 triệu | Nhất Tín Ô Tô Hải... | Hải Dương | 0988131545 | Gọi ngay,otocomvn,2026-01-09
2019 - Honda CR-V 1.5 L - Model 2020 Full Options,https://oto.com.vn/mua-ban-xe-honda-cr-v-hcm/model-2020-full-options-aidxc23397368,739 triệu,2019 - Honda CR-V 1.5 L - Model 2020 Full Options | 50.000 km | Máy xăng | Số tự động | Xe cũ | 739 triệu | Auto 9X | Tp.HCM | 0902333322 | Gọi ngay,otocomvn,2026-01-09
2020 - Toyota Corolla Cross 1.8 V  - Xe đẹp giá tốt,https://oto.com.vn/mua-ban-xe-toyota-corolla-cross-binh-duong/xe-dep-gia-tot-aidxc23395067,645 triệu,2020 - Toyota Corolla Cross 1.8 V - Xe đẹp giá tốt | 62.000 km | Máy xăng | Số tự động | Xe cũ | 645 triệu | Mr. Hiếu | Bình Dương | 0388484944 | Gọi ngay,otocomvn,2026-01-09
"2010 - Toyota Previa - Hàng nhập, sưu tầm rất hiếm. SX đến 2020 không còn sx nữa, xe nhà trùm mền còn rất mới",https://oto.com.vn/mua-ban-xe-toyota-previa-hcm/hang-nhap-suu-tam-rat-hiem-sx-den-2020-khong-con-sx-nua-xe-nha-trum-men-con-rat-moi-aidxc23392946,580 triệu,"2010 - Toyota Previa - Hàng nhập, sưu tầm rất hiếm. SX đến 2020 không còn sx nữa, xe nhà trùm mền còn rất mới | 90.000 km | Máy xăng | Số tự động | Xe cũ | 580 triệu | Nhi | Tp.HCM | 0914444441 | Gọi ngay",otocomvn,2026-01-09
2009 - Hyundai i30 CW 1.6 AT - Xe rất đẹp nhiều đồ chơi,https://oto.com.vn/mua-ban-xe-hyundai-i30-ha-noi/xe-rat-dep-nhieu-do-choi-aidxc23349277,210 triệu,2009 - Hyundai i30 CW 1.6 AT - Xe rất đẹp nhiều đồ chơi | 120.000 km | Máy xăng | Số tự động | Xe cũ | 210 triệu | Ô tô Hoàng Thái | Hà Nội | 0979787618 | Gọi ngay,otocomvn,2026-01-09
"2018 - Hyundai Santa Fe 2.4L Xăng Cao cấp - 2 cầu, màu bạc, siêu đẹp",https://oto.com.vn/mua-ban-xe-hyundai-santa-fe-hcm/2-cau-mau-bac-sieu-dep-aidxc23400011,665 triệu,"2018 - Hyundai Santa Fe 2.4L Xăng Cao cấp - 2 cầu, màu bạc, siêu đẹp | 60.000 km | Máy xăng | Số tự động | Xe cũ | 665 triệu | Huỳnh Đức | Tp.HCM | 0705555500 | Gọi ngay",otocomvn,2026-01-09
"2019 - Toyota Innova 2.0 Venturer AT - Toyota 2019. 2.0, MT. 8v",https://oto.com.vn/mua-ban-xe-toyota-innova-hai-duong/2019-20-mt-8v-aidxc23391762,479 triệu,"2019 - Toyota Innova 2.0 Venturer AT - Toyota 2019. 2.0, MT. 8v | 80.000 km | Máy xăng | Số tự động | Xe cũ | 479 triệu | Nhất Tín Ô Tô Hải... | Hải Dương | 0988131545 | Gọi ngay",otocomvn,2026-01-09
2019 - Mercedes-Benz S450 4Matic Luxury - Mercedes S450 4Matic Luxury 2019 -Giám đốc sử dụng,https://oto.com.vn/mua-ban-xe-mercedes-benz-s450-hcm/mercedes-4matic-luxury-2019-giam-doc-su-dung-aidxc23400107,2 tỉ 250 triệu,2019 - Mercedes-Benz S450 4Matic Luxury - Mercedes S450 4Matic Luxury 2019 -Giám đốc sử dụng | 70.000 km | Máy xăng | Số tự động | Xe cũ | 2 tỉ 250 triệu | Trần Quỳnh Trang | Tp.HCM | 0978519190 | Gọi ngay,otocomvn,2026-01-09
2023 - Mazda 6 2.0 AT - Sport Thể thao cá tính,https://oto.com.vn/mua-ban-xe-mazda-6-hcm/sport-the-thao-ca-tinh-aidxc23398605,715 triệu,2023 - Mazda 6 2.0 AT - Sport Thể thao cá tính | 60.000 km | Máy xăng | Số tự động | Xe cũ | 715 triệu | Auto 9X | Tp.HCM | 0902333322 | Gọi ngay,otocomvn,2026-01-09
"2023 - Kia Carnival 2.2D Signature - Canival 2.2 Signature 2023 máy dầu, chạy 4,8 vạn siêu đẹp",https://oto.com.vn/mua-ban-xe-kia-carnival-ha-noi/canival-22-signature-2023-may-dau-chay-48-van-sieu-dep-aidxc23398263,1 tỉ 250 triệu,"2023 - Kia Carnival 2.2D Signature - Canival 2.2 Signature 2023 máy dầu, chạy 4,8 vạn siêu đẹp | 48.000 km | Máy dầu | Số tự động | Xe cũ | 1 tỉ 250 triệu | Tuấn Kiệt Auto | Hà Nội | 0944338899 | Gọi ngay",otocomvn,2026-01-09
2017 - Mercedes-Benz GLC 250 4Matic - GLC 250 4Matic 2017 chạy 7 vạn siêu đẹp,https://oto.com.vn/mua-ban-xe-mercedes-benz-glc-250-ha-noi/4matic-2017-chay-7-van-sieu-dep-aidxc23387211,789 triệu,2017 - Mercedes-Benz GLC 250 4Matic - GLC 250 4Matic 2017 chạy 7 vạn siêu đẹp | 70.000 km | Máy xăng | Số tự động | Xe cũ | 789 triệu | Tuấn Kiệt Auto | Hà Nội | 0944338899 | Gọi ngay,otocomvn,2026-01-09
2022 - VinFast LUX A2.0 Tiêu chuẩn - VinFast Lux A 2.0 Tiêu chuẩn 2022 siêu đẹp,https://oto.com.vn/mua-ban-xe-vinfast-lux-a20-ha-noi/lux-a-20-tieu-chuan-2022-sieu-dep-aidxc23387116,515 triệu,2022 - VinFast LUX A2.0 Tiêu chuẩn - VinFast Lux A 2.0 Tiêu chuẩn 2022 siêu đẹp | 60.000 km | Máy xăng | Số tự động | Xe cũ | 515 triệu | Tuấn Kiệt Auto | Hà Nội | 0944338899 | Gọi ngay,otocomvn,2026-01-09
"2023 - Nissan Kicks V - Nissan Kicks e-Power V sx2023, đăng ký 2024 chạy 1,8 vạn",https://oto.com.vn/mua-ban-xe-nissan-kicks-ha-noi/e-power-v-sx2023-dang-ky-2024-chay-18-van-aidxc23386641,620 triệu,"2023 - Nissan Kicks V - Nissan Kicks e-Power V sx2023, đăng ký 2024 chạy 1,8 vạn | 18.000 km | Máy xăng | Số tự động | Xe cũ | 620 triệu | Tuấn Kiệt Auto | Hà Nội | 0944338899 | Gọi ngay",otocomvn,2026-01-09
"2021 - Mercedes-Benz GLC 300 4Matic - GLC 300 sx2021 màu đen nội thất kem, chạy hơn 3 vạn",https://oto.com.vn/mua-ban-xe-mercedes-benz-glc-300-ha-noi/sx2021-mau-den-noi-that-kem-chay-hon-3-van-aidxc23376960,1 tỉ 560 triệu,"2021 - Mercedes-Benz GLC 300 4Matic - GLC 300 sx2021 màu đen nội thất kem, chạy hơn 3 vạn | 30.000 km | Máy xăng | Số tự động | Xe cũ | 1 tỉ 560 triệu | Tuấn Kiệt Auto | Hà Nội | 0944338899 | Gọi ngay",otocomvn,2026-01-09
2010 - Rolls-Royce Ghost - Rolls Royce Ghost 6.6 V12 Siêu đẹp,https://oto.com.vn/mua-ban-xe-rolls-royce-ghost-ha-noi/66-v12-sieu-dep-aidxc23349586,3 tỉ 900 triệu,2010 - Rolls-Royce Ghost - Rolls Royce Ghost 6.6 V12 Siêu đẹp | 70.000 km | Máy xăng | Số tự động | Xe cũ | 3 tỉ 900 triệu | Tuấn Kiệt Auto | Hà Nội | 0944338899 | Gọi ngay,otocomvn,2026-01-09
"2014 - Bentley Mulsanne 6.8 V8 - Bentley Mulsanne 6.8 V8 sản xuất 2014, chạy hơn 5 vạn km như mới!",https://oto.com.vn/mua-ban-xe-bentley-mulsanne-ha-noi/68-v8-san-xuat-2014-chay-hon-5-van-km-nhu-moi-aidxc23288224,7 tỉ 900 triệu,"2014 - Bentley Mulsanne 6.8 V8 - Bentley Mulsanne 6.8 V8 sản xuất 2014, chạy hơn 5 vạn km như mới! | 53.000 km | Máy xăng | Số tự động | Xe cũ | 7 tỉ 900 triệu | Tuấn Kiệt Auto | Hà Nội | 0944338899 | Gọi ngay",otocomvn,2026-01-09
"2011 - BMW 730Li - BMW 730 sx2011, đen nội thất kem, chạy hơn 8v km, chạy cực sướng",https://oto.com.vn/mua-ban-xe-bmw-730li-ha-noi/730-sx2011-den-noi-that-kem-chay-hon-8v-km-chay-cuc-suong-aidxc23202880,490 triệu,"2011 - BMW 730Li - BMW 730 sx2011, đen nội thất kem, chạy hơn 8v km, chạy cực sướng | 83.000 km | Máy xăng | Số tự động | Xe cũ | 490 triệu | Tuấn Kiệt Auto | Hà Nội | 0944338899 | Gọi ngay",otocomvn,2026-01-09
"2023 - Toyota Land Cruiser Prado GX - Xe rộng rãi, tiện lợi",https://oto.com.vn/mua-ban-xe-toyota-land-cruiser-prado-ha-noi/xe-rong-rai-tien-loi-aidxc23398694,2 tỉ 960 triệu,"2023 - Toyota Land Cruiser Prado GX - Xe rộng rãi, tiện lợi | 48.000 km | Máy xăng | Số tự động | Xe cũ | 2 tỉ 960 triệu | Hà Thành Car | Hà Nội | 0969185266 | Gọi ngay",otocomvn,2026-01-09
2020 - Toyota Alphard Executive Lounge - Xe nhà trùm mền không chạy cực mới 1 đời chủ. Máy 3.5 chạy cực phê Fulloption. Toàn bộ zin theo xe,https://oto.com.vn/mua-ban-xe-toyota-alphard-hcm/xe-nha-trum-men-khong-chay-cuc-moi-1-doi-chu-may-35-chay-cuc-phe-fulloption-toan-bo-zin-theo-xe-aidxc23349599,2 tỉ 799 triệu,2020 - Toyota Alphard Executive Lounge - Xe nhà trùm mền không chạy cực mới 1 đời chủ. Máy 3.5 chạy cực phê Fulloption. Toàn bộ zin theo xe | 67.000 km | Máy xăng | Số tự động | Xe cũ | 2 tỉ 799 triệu | Nhi | Tp.HCM | 0903333330 | Gọi ngay,otocomvn,2026-01-09
"2009 - Toyota Venza 2.7 AWD AT - Xe cá nhân it đi 1 năm năm nay cần bán. Xe đẹp, nội ngoại thất cứng cáp như xe mới",https://oto.com.vn/mua-ban-xe-toyota-venza-dong-nai/xe-ca-nhan-it-di-1-nam-nam-nay-can-ban-xe-dep-noi-ngoai-that-cung-cap-nhu-xe-moi-aidxc23399391,395 triệu,"2009 - Toyota Venza 2.7 AWD AT - Xe cá nhân it đi 1 năm năm nay cần bán. Xe đẹp, nội ngoại thất cứng cáp như xe mới | 113.000 km | Máy xăng | Số tự động | Xe cũ | 395 triệu | Phan Toàn | Đồng Nai | 0911326688 | Gọi ngay",otocomvn,2026-01-09
"2023 - Ford Ranger XLS 2.0L 4x2 AT - Bán xe chính chủ, chưa va chạm, ngập nước, giá hợp lý",https://oto.com.vn/mua-ban-xe-ford-ranger-ha-noi/ban-xe-chinh-chu-chua-va-cham-ngap-nuoc-gia-hop-ly-aidxc23399167,600 triệu,"2023 - Ford Ranger XLS 2.0L 4x2 AT - Bán xe chính chủ, chưa va chạm, ngập nước, giá hợp lý | 67.000 km | Máy dầu | Số tự động | Xe cũ | 600 triệu | Nguyễn Phương Linh | Hà Nội | 0926163666 | Gọi ngay",otocomvn,2026-01-09
"2022 - Kia Carnival 2.2D Signature - Sang trọng, tiện nghi",https://oto.com.vn/mua-ban-xe-kia-carnival-hcm/sang-trong-tien-nghi-aidxc23399881,1 tỉ 279 triệu,"2022 - Kia Carnival 2.2D Signature - Sang trọng, tiện nghi | 40.000 km | Máy dầu | Số tự động | Xe cũ | 1 tỉ 279 triệu | Auto 9X | Tp.HCM | 0902333322 | Gọi ngay",otocomvn,2026-01-09
"2022 - Volkswagen Teramont - Nhập Mỹ 16,000 km",https://oto.com.vn/mua-ban-xe-volkswagen-teramont-hcm/nhap-my-16000-km-aidxc23392961,1 tỉ 679 triệu,"2022 - Volkswagen Teramont - Nhập Mỹ 16,000 km | 16.000 km | Máy xăng | Số tự động | Xe cũ | 1 tỉ 679 triệu | Nguyễn Lâm | Tp.HCM | 0902052795 | Gọi ngay",otocomvn,2026-01-09
2022 - Kia Carnival 2.2D Signature - MPV cao cấp với động cơ dầu mạnh mẽ,https://oto.com.vn/mua-ban-xe-kia-carnival-hcm/mpv-cao-cap-voi-dong-co-dau-manh-me-aidxc23399180,1 tỉ 195 triệu,2022 - Kia Carnival 2.2D Signature - MPV cao cấp với động cơ dầu mạnh mẽ | 60.000 km | Máy dầu | Số tự động | Xe cũ | 1 tỉ 195 triệu | Auto 9X | Tp.HCM | 0902333322 | Gọi ngay,otocomvn,2026-01-09
"2015 - Kia Carens S 2.0 MT - Kia Carens 2015 MT, 2.0, 12v",https://oto.com.vn/mua-ban-xe-kia-carens-hai-duong/2015-mt-20-12v-aidxc23364196,220 triệu,"2015 - Kia Carens S 2.0 MT - Kia Carens 2015 MT, 2.0, 12v | 120.000 km | Máy xăng | Số sàn | Xe cũ | 220 triệu | Nhất Tín Ô Tô Hải... | Hải Dương | 0988131545 | Gọi ngay",otocomvn,2026-01-09
"2021 - Kia Morning X-LINE - Xe đẹp, odo 6v2",https://oto.com.vn/mua-ban-xe-kia-morning-hai-duong/xe-dep-odo-6v2-aidxc23398695,339 triệu,"2021 - Kia Morning X-LINE - Xe đẹp, odo 6v2 | 62.000 km | Máy xăng | Số tự động | Xe cũ | 339 triệu | Nhất Tín Ô Tô Hải... | Hải Dương | 0988131545 | Gọi ngay",otocomvn,2026-01-09
"2022 - Kia Carnival 2.2D Premium - 8 chỗ, màu đỏ mận, xe đi ít cực đẹp",https://oto.com.vn/mua-ban-xe-kia-carnival-hcm/8-cho-mau-do-man-xe-di-it-cuc-dep-aidxc23400008,1 tỉ 095 triệu,"2022 - Kia Carnival 2.2D Premium - 8 chỗ, màu đỏ mận, xe đi ít cực đẹp | 45.000 km | Máy dầu | Số tự động | Xe cũ | 1 tỉ 095 triệu | Huỳnh Đức | Tp.HCM | 0705555500 | Gọi ngay",otocomvn,2026-01-09
2020 - Mitsubishi Xpander Cross - Mitsubishi Xpander Cross 2020,https://oto.com.vn/mua-ban-xe-mitsubishi-xpander-cross-ha-noi/2020-aidxc23399251,470 triệu,2020 - Mitsubishi Xpander Cross - Mitsubishi Xpander Cross 2020 | 80.000 km | Máy xăng | Số tự động | Xe cũ | 470 triệu | Lê Kim Bách Khoa | Hà Nội | 0905001555 | Gọi ngay,otocomvn,2026-01-09
"2022 - BMW 430i Convertible - Xe nhà toàn trùm mền mới 99,99% như 2025, mới như xe trong hãng, sử dụng 2300",https://oto.com.vn/mua-ban-xe-bmw-430i-hcm/xe-nha-toan-trum-men-moi-9999-nhu-2025-moi-nhu-xe-trong-hang-su-dung-2300-aidxc23398790,2 tỉ 480 triệu,"2022 - BMW 430i Convertible - Xe nhà toàn trùm mền mới 99,99% như 2025, mới như xe trong hãng, sử dụng 2300 | 2.300 km | Máy xăng | Số tự động | Xe cũ | 2 tỉ 480 triệu | Mỹ Linh | Tp.HCM | 0903333330 | Gọi ngay",otocomvn,2026-01-09
2022 - Kia Sonet 1.5 Premium - Full lịch sử hãng,https://oto.com.vn/mua-ban-xe-kia-sonet-binh-dinh/full-lich-su-hang-aidxc23389690,518 triệu,2022 - Kia Sonet 1.5 Premium - Full lịch sử hãng | 67.000 km | Máy xăng | Số tự động | Xe cũ | 518 triệu | Used Car Dealer T... | Bình Định | 0905004288 | Gọi ngay,otocomvn,2026-01-09
2022 - Kia Carnival 2.2D Signature - Xe màu Xanh - Nội thất Nâu,https://oto.com.vn/mua-ban-xe-kia-carnival-hcm/xe-mau-xanh-noi-that-nau-aidxc23397010,1 tỉ 215 triệu,2022 - Kia Carnival 2.2D Signature - Xe màu Xanh - Nội thất Nâu | 50.000 km | Máy dầu | Số tự động | Xe cũ | 1 tỉ 215 triệu | Auto 9X | Tp.HCM | 0902333322 | Gọi ngay,otocomvn,2026-01-09
2018 - Honda City 1.5 CVT - Còn thương lượng giá,https://oto.com.vn/mua-ban-xe-honda-city-binh-duong/con-thuong-luong-gia-aidxc23395070,360 triệu,2018 - Honda City 1.5 CVT - Còn thương lượng giá | 61.000 km | Máy xăng | Số tự động | Xe cũ | 360 triệu | Mr. Hiếu | Bình Dương | 0388484944 | Gọi ngay,otocomvn,2026-01-09
2018 - Hyundai Santa Fe 2.4L Xăng Tiêu chuẩn - Full lịch sử hãng,https://oto.com.vn/mua-ban-xe-hyundai-santa-fe-binh-dinh/full-lich-su-hang-aidxc23389231,565 triệu,2018 - Hyundai Santa Fe 2.4L Xăng Tiêu chuẩn - Full lịch sử hãng | 122.000 km | Máy xăng | Số tự động | Xe cũ | 565 triệu | Used Car Dealer T... | Bình Định | 0905004288 | Gọi ngay,otocomvn,2026-01-09
"2010 - Suzuki Blind Van Suzuki Blind Van - Giá tốt, xem xe tại Hà Nội",https://oto.com.vn/mua-ban-xe-suzuki-blind-van-ha-noi/gia-tot-xem-xe-tai-aidxc23376649,88 triệu,"2010 - Suzuki Blind Van Suzuki Blind Van - Giá tốt, xem xe tại Hà Nội | 80.000 km | Máy xăng | Số sàn | Xe cũ | 88 triệu | Nguyên Thi Hanh | Hà Nội | 0973970599 | Gọi ngay",otocomvn,2026-01-09
2024 - Toyota Vios 1.5 E CVT - Vios 1.5 E CVT 2024,https://oto.com.vn/mua-ban-xe-toyota-vios-phu-yen/15-e-cvt-2024-aidxc23399451,445 triệu,2024 - Toyota Vios 1.5 E CVT - Vios 1.5 E CVT 2024 | 5.000 km | Máy xăng | Số tự động | Xe cũ | 445 triệu | Trương Thị Cẩm Tú | Phú Yên | 0977941479 | Gọi ngay,otocomvn,2026-01-09
"2014 - Mercedes-Benz E250 E250 - Xe cực đẹp, đầy đủ hồ sơ sang tên",https://oto.com.vn/mua-ban-xe-mercedes-benz-e250-hai-duong/xe-cuc-dep-day-du-ho-so-sang-ten-aidxc23400098,428 triệu,"2014 - Mercedes-Benz E250 E250 - Xe cực đẹp, đầy đủ hồ sơ sang tên | 140.000 km | Máy xăng | Số tự động | Xe cũ | 428 triệu | Nhất Tín Ô Tô Hải... | Hải Dương | 0988131545 | Gọi ngay",otocomvn,2026-01-09
"2011 - Mercedes-Benz C250 AMG - Xe đẹp, giá tốt liên hệ em",https://oto.com.vn/mua-ban-xe-mercedes-benz-c-250-hai-duong/xe-dep-gia-tot-lien-he-em-aidxc23400050,269 triệu,"2011 - Mercedes-Benz C250 AMG - Xe đẹp, giá tốt liên hệ em | 166.000 km | Máy xăng | Số tự động | Xe cũ | 269 triệu | Nhất Tín Ô Tô Hải... | Hải Dương | 0988131545 | Gọi ngay",otocomvn,2026-01-09
2018 - Chevrolet Colorado 2.5L 4x2 AT LT - Sơ cua chưa lăn,https://oto.com.vn/mua-ban-xe-chevrolet-colorado-binh-duong/so-cua-chua-lan-aidxc23399641,395 triệu,2018 - Chevrolet Colorado 2.5L 4x2 AT LT - Sơ cua chưa lăn | 64.000 km | Máy dầu | Số tự động | Xe cũ | 395 triệu | Mr. Hiếu | Bình Dương | 0388484944 | Gọi ngay,otocomvn,2026-01-09
2017 - Porsche Macan  - 1 chủ. Xe nhà toàn trùm mền ít sử dụng còn rất mới. Bảo hiểm 2c. Ngay chủ đứng tên,https://oto.com.vn/mua-ban-xe-porsche-macan-hcm/1-chu-xe-nha-toan-trum-men-it-su-dung-con-rat-moi-bao-hiem-2c-ngay-chu-dung-ten-aidxc23356102,1 tỉ 420 triệu,2017 - Porsche Macan - 1 chủ. Xe nhà toàn trùm mền ít sử dụng còn rất mới. Bảo hiểm 2c. Ngay chủ đứng tên | 50.000 km | Máy xăng | Số tự động | Xe cũ | 1 tỉ 420 triệu | Mỹ Linh | Tp.HCM | 0914444441 | Gọi ngay,otocomvn,2026-01-09
2022 - Kia Carnival 2.2D Premium - Màu Trắng – Nội thất Nâu,https://oto.com.vn/mua-ban-xe-kia-carnival-hcm/mau-trang-noi-that-nau-aidxc23396086,1 tỉ 165 triệu,2022 - Kia Carnival 2.2D Premium - Màu Trắng – Nội thất Nâu | 50.000 km | Máy dầu | Số tự động | Xe cũ | 1 tỉ 165 triệu | Auto 9X | Tp.HCM | 0902333322 | Gọi ngay,otocomvn,2026-01-09
"2024 - Mitsubishi Xpander AT Premium - Đủ hồ sơ sang tên tại Hà Nội, Cam kết bảo hành",https://oto.com.vn/mua-ban-xe-mitsubishi-xpander-hoa-binh/du-ho-so-sang-ten-tai-ha-noi-cam-ket-bao-hanh-aidxc23400094,579 triệu,"2024 - Mitsubishi Xpander AT Premium - Đủ hồ sơ sang tên tại Hà Nội, Cam kết bảo hành | 39.000 km | Máy xăng | Số tự động | Xe cũ | 579 triệu | Mitsubishi Việt Hồng | Hòa Bình | 0789828228 | Gọi ngay",otocomvn,2026-01-09
"2010 - Toyota Fortuner 2.7 V 4X4 AT - Xe cực đẹp bản 2 cầu, liên hệ em xem xe",https://oto.com.vn/mua-ban-xe-toyota-fortuner-hai-duong/xe-cuc-dep-ban-2-cau-lien-he-em-xem-xe-aidxc23398497,289 triệu,"2010 - Toyota Fortuner 2.7 V 4X4 AT - Xe cực đẹp bản 2 cầu, liên hệ em xem xe | 160.000 km | Máy xăng | Số tự động | Xe cũ | 289 triệu | Nhất Tín Ô Tô Hải... | Hải Dương | 0988131545 | Gọi ngay",otocomvn,2026-01-09
"2023 - Porsche Macan 2.0 AT - Xe nhà chạy mới 97%, Fulloption Màu sơn, đèn led, mâm 20, pô 4 ống xã, ghế 14, loa bose, sport active",https://oto.com.vn/mua-ban-xe-porsche-macan-hcm/xe-nha-chay-moi-97-fulloption-mau-son-den-led-mam-20-po-4-ong-xa-ghe-14-loa-bose-sport-active-aidxc23387674,2 tỉ 950 triệu,"2023 - Porsche Macan 2.0 AT - Xe nhà chạy mới 97%, Fulloption Màu sơn, đèn led, mâm 20, pô 4 ống xã, ghế 14, loa bose, sport active | 24.000 km | Máy xăng | Số tự động | Xe cũ | 2 tỉ 950 triệu | Nhi | Tp.HCM | 0903333330 | Gọi ngay",otocomvn,2026-01-09
"2017 - Toyota Land Cruiser Prado GX - Nội thất rộng rãi, trang bị full option",https://oto.com.vn/mua-ban-xe-toyota-land-cruiser-prado-hai-duong/noi-that-rong-rai-trang-bi-full-option-aidxc23364023,1 tỉ 350 triệu,"2017 - Toyota Land Cruiser Prado GX - Nội thất rộng rãi, trang bị full option | 100.000 km | Máy xăng | Số tự động | Xe cũ | 1 tỉ 350 triệu | Nhất Tín Ô Tô Hải... | Hải Dương | 0988131545 | Gọi ngay",otocomvn,2026-01-09
2008 - Acura MDX - Chính chủ lên đời xe mới nên dư xe Acura MDX 2008 tâm huyết một thời. 0933018037 xe ở Vũng Tàu,https://oto.com.vn/mua-ban-xe-acura-mdx-ba-ria-vung-tau/chinh-chu-len-doi-xe-moi-nen-du-xe-2008-tam-huyet-mot-thoi-0933018037-xe-o-vung-tau-aidxc23393911,255 triệu,2008 - Acura MDX - Chính chủ lên đời xe mới nên dư xe Acura MDX 2008 tâm huyết một thời. 0933018037 xe ở Vũng Tàu | 131 km | Máy xăng | Số tự động | Xe cũ | 255 triệu | Anh Thu | Bà Rịa Vũng Tàu | 0933018037 | Gọi ngay,otocomvn,2026-01-09
2010 - Smart Fortwo - Phiên bản 1.0 AT mạnh mẽ 84hp,https://oto.com.vn/mua-ban-xe-smart-fortwo-ha-noi/phien-ban-10-at-manh-me-84hp-aidxc23380559,365 triệu,2010 - Smart Fortwo - Phiên bản 1.0 AT mạnh mẽ 84hp | 5.000 km | Máy xăng | Số tự động | Xe cũ | 365 triệu | Em Hằng | Hà Nội | 0983226257 | Gọi ngay,otocomvn,2026-01-09
2023 - Mitsubishi Attrage CVT Premium - Siêu lướt 45.000km,https://oto.com.vn/mua-ban-xe-mitsubishi-attrage-hoa-binh/sieu-luot-45000km-aidxc23398032,385 triệu,2023 - Mitsubishi Attrage CVT Premium - Siêu lướt 45.000km | 45 km | Máy xăng | Số tự động | Xe cũ | 385 triệu | Mitsubishi Việt Hồng | Hòa Bình | 0789828228 | Gọi ngay,otocomvn,2026-01-09
"2024 - Mitsubishi Attrage CVT - Sẵn hồ sơ bàn giao, xe đẹp, bảo dưỡng chính hãng",https://oto.com.vn/mua-ban-xe-mitsubishi-attrage-hung-yen/san-ho-so-ban-giao-xe-dep-bao-duong-chinh-hang-aidxc23398337,392 triệu,"2024 - Mitsubishi Attrage CVT - Sẵn hồ sơ bàn giao, xe đẹp, bảo dưỡng chính hãng | 20.000 km | Máy xăng | Số tự động | Xe cũ | 392 triệu | Mitsubishi Việt Hồng | Hưng Yên | 0789828228 | Gọi ngay",otocomvn,2026-01-09
2017 - Honda Civic - Honda Civic 2017 tại Hà Nội,https://oto.com.vn/mua-ban-xe-honda-civic-ha-noi/2017-tai-aidxc23399277,470 triệu,2017 - Honda Civic - Honda Civic 2017 tại Hà Nội | 110.000 km | Máy xăng | Số tự động | Xe cũ | 470 triệu | Lương Công Ngọc | Hà Nội | 0977930883 | Gọi ngay,otocomvn,2026-01-09
"2011 - Toyota Corolla Altis - Đủ hồ sơ, sang tên giá tốt tại Vĩnh Phúc",https://oto.com.vn/mua-ban-xe-toyota-corolla-altis-vinh-phuc/du-ho-so-sang-ten-gia-tot-tai-aidxc23380361,290 triệu,"2011 - Toyota Corolla Altis - Đủ hồ sơ, sang tên giá tốt tại Vĩnh Phúc | 100.000 km | Máy xăng | Số tự động | Xe cũ | 290 triệu | Sàn giao dịch Ô t... | Vĩnh Phúc | 0982555556 | Gọi ngay",otocomvn,2026-01-09
2023 - Porsche Macan - BAO ĐẬU BANK 70-90% (Ib Zalo tư vấn trực tiếp 24/7),https://oto.com.vn/mua-ban-xe-porsche-macan-hcm/bao-dau-bank-70-90-ib-zalo-tu-van-truc-tiep-247-aidxc23397327,3 tỉ 279 triệu,2023 - Porsche Macan - BAO ĐẬU BANK 70-90% (Ib Zalo tư vấn trực tiếp 24/7) | 36.000 km | Máy xăng | Số tự động | Xe cũ | 3 tỉ 279 triệu | Phát Đạt Luxuruy ... | Tp.HCM | 0966876509 | Gọi ngay,otocomvn,2026-01-09
"2009 - Ford Focus 1.8L - Bán xe ôtô sedan gia đình 5 chỗ, hiệu ford focus máy xăng 1.8 số sàn, tiết kiệm nhiên liệu",https://oto.com.vn/mua-ban-xe-ford-focus-ha-noi/ban-xe-oto-sedan-gia-dinh-5-cho-hieu-may-xang-18-so-san-tiet-kiem-nhien-lieu-aidxc23399297,90 triệu,"2009 - Ford Focus 1.8L - Bán xe ôtô sedan gia đình 5 chỗ, hiệu ford focus máy xăng 1.8 số sàn, tiết kiệm nhiên liệu | 150.000 km | Máy xăng | Số sàn | Xe cũ | 90 triệu | Nguyễn văn Lượng | Hà Nội | 0982977351 | Gọi ngay",otocomvn,2026-01-09
2022 - Porsche Macan - BAO ĐẬU BANK 70-90% (Ib Zalo tư vấn trực tiếp 24/7),https://oto.com.vn/mua-ban-xe-porsche-macan-hcm/bao-dau-bank-70-90-ib-zalo-tu-van-truc-tiep-247-aidxc23397325,3 tỉ 179 triệu,2022 - Porsche Macan - BAO ĐẬU BANK 70-90% (Ib Zalo tư vấn trực tiếp 24/7) | 21.000 km | Máy xăng | Số tự động | Xe cũ | 3 tỉ 179 triệu | Phát Đạt Luxuruy ... | Tp.HCM | 0966876509 | Gọi ngay,otocomvn,2026-01-09
2023 - Mini Cooper S Coutryman - Xe lướt sang trọng màu đen nội thất nâu,https://oto.com.vn/mua-ban-xe-mini-cooper-s-hcm/xe-luot-sang-trong-mau-den-noi-that-nau-aidxc23399741,1 tỉ 738 triệu,2023 - Mini Cooper S Coutryman - Xe lướt sang trọng màu đen nội thất nâu | 5.000 km | Máy xăng | Số tự động | Xe cũ | 1 tỉ 738 triệu | Phát Đạt Luxuruy ... | Tp.HCM | 0966876509 | Gọi ngay,otocomvn,2026-01-09
"2022 - BMW 520i M Sport - Xe thể thao sang trọng, chất chơi đỉnh cao",https://oto.com.vn/mua-ban-xe-bmw-520i-hcm/xe-the-thao-sang-trong-chat-choi-dinh-cao-aidxc23396264,1 tỉ 738 triệu,"2022 - BMW 520i M Sport - Xe thể thao sang trọng, chất chơi đỉnh cao | 22.000 km | Máy xăng | Số tự động | Xe cũ | 1 tỉ 738 triệu | Phát Đạt Luxuruy ... | Tp.HCM | 0966876509 | Gọi ngay",otocomvn,2026-01-09
2023 - Lexus NX 350 F-Sport - BAO ĐẬU BANK 70-90% (Ib Zalo tư vấn trực tiếp 24/7),https://oto.com.vn/mua-ban-xe-lexus-nx-350-hcm/bao-dau-bank-70-90-ib-zalo-tu-van-truc-tiep-247-aidxc23399840,2 tỉ 799 triệu,2023 - Lexus NX 350 F-Sport - BAO ĐẬU BANK 70-90% (Ib Zalo tư vấn trực tiếp 24/7) | 37.000 km | Máy xăng | Số tự động | Xe cũ | 2 tỉ 799 triệu | Phát Đạt Luxuruy ... | Tp.HCM | 0966876509 | Gọi ngay,otocomvn,2026-01-09
"2019 - Mercedes-Benz C250 Exclusive - Xe sang trọng, full option, giá cực tốt",https://oto.com.vn/mua-ban-xe-mercedes-benz-c-250-ha-noi/xe-sang-trong-full-option-gia-cuc-tot-aidxc23398700,860 triệu,"2019 - Mercedes-Benz C250 Exclusive - Xe sang trọng, full option, giá cực tốt | 64.000 km | Máy xăng | Số tự động | Xe cũ | 860 triệu | Trust Car | Hà Nội | 0925071888 | Gọi ngay",otocomvn,2026-01-09
2020 - Ford Everest - Ford Everest 2020,https://oto.com.vn/mua-ban-xe-ford-everest-ha-noi/2020-aidxc23399898,829 triệu,2020 - Ford Everest - Ford Everest 2020 | 81.000 km | Máy xăng | Số tự động | Xe cũ | 829 triệu | Tạ Bàng | Hà Nội | 0909511466 | Gọi ngay,otocomvn,2026-01-09
"2021 - Mercedes-Benz GLC 200 - Xe sang trọng lịch sự, chất lượng cao",https://oto.com.vn/mua-ban-xe-mercedes-benz-glc-200-ha-noi/xe-sang-trong-lich-su-chat-luong-cao-aidxc23398581,1 tỉ 229 triệu,"2021 - Mercedes-Benz GLC 200 - Xe sang trọng lịch sự, chất lượng cao | 49.000 km | Máy xăng | Số tự động | Xe cũ | 1 tỉ 229 triệu | Trust Car | Hà Nội | 0925071888 | Gọi ngay",otocomvn,2026-01-09
"2014 - Ford Transit - Xem xe tại Vĩnh Phúc, giá tốt sang tên ngay",https://oto.com.vn/mua-ban-xe-ford-transit-vinh-phuc/xem-xe-tai-gia-tot-sang-ten-ngay-aidxc23380818,320 triệu,"2014 - Ford Transit - Xem xe tại Vĩnh Phúc, giá tốt sang tên ngay | 150.000 km | Máy dầu | Số sàn | Xe cũ | 320 triệu | Sàn giao dịch Ô t... | Vĩnh Phúc | 0982555556 | Gọi ngay",otocomvn,2026-01-09
2025 - Lexus LX 600 VIP - Bản 4 ghế vip sẵn xe giao ngay,https://oto.com.vn/mua-ban-xe-lexus-lx-600-ha-noi/ban-4-ghe-vip-san-xe-giao-ngay-aidxc23387290,10 tỉ 086 triệu,2025 - Lexus LX 600 VIP - Bản 4 ghế vip sẵn xe giao ngay | 9.600 km | Máy xăng | Số tự động | Xe cũ | 10 tỉ 086 triệu | Trust Car | Hà Nội | 0925071888 | Gọi ngay,otocomvn,2026-01-09
